URL;Publisher
http://ampublisher.com/index.html;A M Publishers
http://academiapublishing.org/index.htm;Academia Publishing
http://www.academiascholarlyjournal.org/;Academia Scholarly Journals
http://www.arseam.com/;Academic Research in Science, Engineering, Art and Management
http://academic-publishing-house.com/;Academic Scholars Publishing House
http://www.awer-center.org/journals.htm;Academic World Education & Research Center
http://academicsworld.org/;Academics World
http://www.academyjournals.net/;Academy Journals
http://www.academyirmbr.com/;Academy of IRMBR International Research in Management and Business Realities
http://www.accessjournals.org/;Access Journals
http://www.ghrnet.org/;ACT Publishing
http://actascientifica.com/index.php;Acta Scientifica
http://adpublications.org/;AD Publications
http://www.ada-lovelace.co.uk/;Ada Lovelace Publications
http://www.adrpublications.com/index.html;Advanced Research Publications
http://advancedscienceresearchjournals.org/;Advanced Science Research Journals
http://www.agialpress.com/;AgiAl Publishing House
http://agropub.com/index.html;Agropub
http://ainstin.com/;AINSTIN Knowledge Hub
http://airccse.org/index.php;AIRCC Publishing Corporation
http://www.alliedacademies.org/;Allied Academies
http://www.alliedjournals.com/;Allied Journals
http://aripd.org/;American Research Institute for Policy Development
http://www.as-se.org/;American Society of Science and Engineering
http://www.vkingpub.com/;American V-King Scientific Publishing
http://apexjournal.org/;Apex Journal
http://www.applied-science-innovations.com/;Applied Science Innovations
http://puneresearch.com/home;Aradhya International Publication 
http://www.aeph.in/;Archers & Elevators Publishing House
http://arpnjournals.com/;ARPN Journals
http://apiar.org.au/;Asia Pacific Institute of Advanced Research
http://www.ajouronline.com/;Asian Online Journals
http://www.asianpharmaonline.org/;Asian Pharma Press
http://www.asers.eu/asers-publishing/journals.html;Association for Sustainable Education, Research and Science
http://www.atharvapub.com/HomePage/;Atharva Scientific Publications 
http://aabl.com.au/;Australian Academy of Business Leadership
http://www.aiac.org.au/;Australian International Academic Centre Pty. Ltd.
http://www.avantipublishers.com/;Avanti Publishers.com
http://www.avicenapublisher.org/;Avicena Publisher
http://bettyjonespub.com/;Betty Jones & Sisters Publishing
http://biocoreopen.org/index.php;Bio Core
http://www.bioinfopublication.org/;BioInfo Publications
http://blazejournals.org/index.php;Blaze Journals
http://www.bowenpublishing.com/;Bowen Publishing
http://brainybuzz.in/;Brainy Buzz
http://www.bjournal.co.uk/;British Journal
http://www.businessjournalz.org/;Business Journalz
http://cafetinnova.org/;Cafet Innova Technical Society
http://cdbenchmark.com/publishing;Cairo Center for Development Benchmarking
http://ccsenet.org/web/;Canadian Center of Science and Education
http://www.cenetrionline.org/;Cenetri Publishing Group
http://www.cgrd.org/;Center for Global Research Development
http://www.cibmp.org/;The Center for Innovations in Business & Management Practice
http://www.cpinet.info/;Center for Promoting Ideas
http://www.cddk.org/index.html;Center for the Development and Dissemination of Knowledge
http://journals.cz/;Central Bohemia University Publishing
http://www.coltharpinstitute.com/;Coltharp Institute
http://www.uscip.org/;Columbia International Publishing
http://www.cscjournals.org/;Computer Science Journals
http://www.congresspress.com/Journals/index.php/index/index;Congress Press
http://www.crcenter.info/;Contemporary Research Center (CRC), Australia
http://www.cosmosscholars.com/;Cosmos Scholars Publishing House
http://www.cirworld.net/;Council for Innovative Research
http://www.crownjournals.org/;Crown Journals
http://www.cyberjournals.com/;Cyber Journals
http://www.sciencejournal.in/home/;DAMA International
http://www.destechpub.com/;DEStech Publications, Inc.
http://dcthink.org/;Developing Country Think Tank Institute
http://didacticjournals.org/;Didactic Journals
http://directresearchpublisher.org/;Direct Research Journals
http://www.resjournals.org/;Discourse Journals
http://www.dormaj.com/;Dorma Journals
http://www.e-century.org/;e-Century Publishing Corporation
http://worldresearchjournals.com/;e-journal
http://www.e3journals.org/index.php;e3Journals
http://www.earthjournals.org/;Earth Journals
http://www.ebupress.com/;Ebu Press
http://www.internationaljournalesrg.org/;Eighth Sense Research Group
http://www.science-fellows.org/;ElmCore Journals
http://www.enggjournals.com/;Engineering Journals
http://www.researchersworld.com/ermp.html;ERM Publications
http://eruditejournals.org/ejb/index.htm;Erudite Journals Limited
http://escipub.com/;eScience Publisher
http://euser.org/;European Center for Science Education and Research
http://europe-science.com/en/;The European Scientific Community
http://ficuspublishers.com/Home.php;Ficus Publishers
http://www.fopras.org/;Foundation for Promotion of Basic & Applied Science
http://www.fspublishers.org/index.php;Friends Science Publishers
http://www.frontiersin.org/;Frontiers
http://www.gkpublication.in/;Galore Knowledge Publication Pvt. Ltd.
http://www.gbspublisher.com/;GBS Publishers & Distributors (India)
http://grsci-techpress.org/;German Science and Technology Press
http://globalopenaccess.com/;Global Openaccess
http://www.globalresearchonline.net/;Global Research Online
http://www.grpjournal.org/;Global Research Publishing
http://globalskope.com/ijesr/index.html;GlobalSkope Publishing Society
http://www.gnosisoa.org/;Gnosis Open Access Publishers
http://grantmedicaljournals.org/;Grant Medical Journals
http://www.graphyonline.com/index.php;Graphy Publications
http://www.garph.co.uk/index.html;Greenfield Advanced Research Publishing House
http://growingscience.com/index.html;Growing Science Publishing Company
http://gscience.gurpukur.com/;Gurpukur Research Institute
http://gyancity.com/;Gyancity Research Lab Private Limited
http://www.hanspub.org/;Hans Publishers, Inc.
http://helicsonline.net/;Helics Scientific Network
http://www.hendun.org/;Hendun Research Access
http://www.henrypublishinggroup.com/;Henry Publishing Group
http://www.hoajonline.com/;Herbert Open Access Journals
http://www.e-hilaris.com/index.html;Hilaris
http://www.iconceptpress.com/;iConcept Press Ltd.
http://ijbsse.org/;Ijbsse.org
http://www.ijmanager.org/;ijManager &#8211 Online Journal Management
http://www.impactjournals.com/;Impact Journals
http://www.iseeadyar.org/;Indian Society for Education and Environment
http://www.indusedu.org/;Indus Foundation for Education, Research & Social Welfare
http://insightknowledge.co.uk/index.php;Insight Knowledge
http://imedpub.com/;Insight Medical Publishing
http://www.instascijournals.info/index.php;Instaci
http://www.ieit-web.org/apscj/editorialboard.html;Institute of Electronic & Information Technology
http://iraj.in/index.php;Institute of Research and Journals
http://www.isisworld.org/;Institute of Strategic and International Studies
http://www.intergratedjournals.org/;Integrated Academic Journals
http://indianscience.in/pubs/journals/;Integrated Science Publications
http://icmrr.org/index.html;Intercontinental Management Research Review
http://www.iaabr.com/;International Academy for Advancement of Business Research
http://www.iaster.com/index.php;International Academy for Science & Technology Education and Research
http://www.iaria.org/;The International Academy, Research and Industry Association
http://www.iacsit.org/;International Association of Computer Science and Information Technology
http://www.iajc.org/overview.html;International Association of Journals & Conferences
http://idosi.org/index.htm;International Digital Organization for Scientific Information
http://www.ifrsa.org/;International Forum of Researchers Students and Academician
http://infomesr.org/en/home;International Foundation for Modern Education and Scientific Research
http://www.ihasr.org/;International House for Academic Scientific Research
http://www.iisir.org/;International Institute of Science & Industry Research
http://www.ijrdo.org/;International Journal of Research & Development Organisation
http://ijddmr.wordpress.com/;International Journals
http://www.ijmr.net.in/;International Journals of Multi Dimensional Research
http://www.ijnngt.org/index.php;International Journals of N&N Global Technology
http://intjr.com/index.php;International Journals of Research
http://ipasj.org/index.htm;International Publisher for Advanced Scientific Journals
http://resjournals.com/;International Research Journals
http://www.isrjournals.org/;International Science & Research Journals
http://www.isamedjournals.com/;International Science and Medical Journals
http://isacorporation.org.in/;International Scientific Academic Corporation
http://www.iserd.co/;International Society for Engineering Research and Development
http://internationaljournals.co.in/;InternationalJournals.co.in
http://www.ispub.com/;Internet Scientific Publications
http://inter-use.com/;Inter-USE
http://inventionjournals.org/;Invention Journals
http://www.irosss.org/;IROSSS
http://www.isisn.org/;ISISnet
http://ispacs.com/;ISPACS
http://jabalpurmanagementassociation.co.in/Journals.aspx;Jabalpur Management Association
http://jacsdirectory.com/jacs/index.php;JACS Directory
http://www.jetpublishing.org/index.html;JET Publishing
http://www.journalspub.com/;Journals Pub
http://juniperpublishers.com/;Juniper Publishers
http://www.kwpublisher.com/;KambohWell Publisher Enterprises
http://www.kenkyuonline.org/;Kenkyu Group
http://www.knowledgespublisher.com/;KnowledgesPublisher
http://www.knowledgia.net/;Knowledgia Scientific
http://www.lecolinkresearchjournals.org/index.php;Lecolink Research Journals
http://journalspress.com/;London Journals Press
http://www.lbrpublishing.com/;Longbridge Publishing Company
http://www.macroworldpub.com/;MacroWorld
http://www.mayfeb.com/OJS/;MAYFEB Technology Development
http://www.mecs-press.org/;MECS
http://www.medtechnano.com/;MEDNANO Publications
http://www.mrpress.org/;Meta Research Press
http://mustangjournals.com/index.html;Mustang Journals
http://naturepub.org/;Naturepub
http://www.naukpublication.org/;Nauk Publication
http://www.netjournals.org/;Net Journals
http://www.newworldpub.com/homepage.html;New World Publishing
http://www.nairjc.com/;North Asian International Research Journal Consortium
http://www.naun.org/wseas/cms.action;North Atlantic University Union
http://novaexplore.com/;Nova Explore Publications
http://www.nvlscience.com/;Novel Science
http://nucleionline.org/;Nuclei Online
http://ologyscience.com/index.php;Ology Science
http://www.omicsonline.org/;OMICS International
http://openaccessebooks.com/;Open Access eBooks
http://oaj-pc.com/;Open Access Journals Publishing Company
http://oatext.com/;Open Access Text
http://www.obm-pc.com/;Open BioMedical Publishing Corporation
http://okjournals.org/;Open Knowledge Journals
http://www.openresearchnetwork.org/;Open Research Network
http://www.openscienceonline.com/;Open Science
http://www.opensciencepublications.com/;Open Science Publications
http://www.orb-academic.org/;ORB Academic Publisher
http://www.orbitjournals.com/index.php;Orbit Research and Development
http://pacesetteronlinepublishers.org/;Pacesetter Online Publishers
http://www.pakinsight.com/;Pak Publishing Group
http://www.palgojournals.org/;Palgo Journals
http://www.paramountjournals.com/;Paramount Journals
http://www.peakjournals.org/index.html;Peak Journals
http://www.pharmapublisher.com/;Pharma Publisher
http://www.pspchv.com/;Pioneer Scientific Publisher
http://www.platinumglobaljournals.org/;Platinum Global Journals
http://premierpublishers.org/;Premier Publishers
http://www.prjpublication.com/index.html;Priyanka Research Journal Publication
http://www.projectinnovation.biz/;Project Innovation
http://www.aiscience.org/psf/index.html;Public Science Framework
http://phosciences.com/;Publishing House of Sciences
http://www.purplejournals.org/;Purple Journals
http://www.qingres.com/;Qingres
http://www.questjournals.org/index.html;Quest Journals
http://www.ra-j.org/;RAJ Group
http://ratingacademy.com.tr/web/index.php/en/;Rating Academy
http://readersinsight.net/;Readers Insight Publishers
http://www.rfppl.co.in/index.php;Red Flower Publication Private Limited 
http://www.rajournals.in/;Research & Analysis Journals
http://www.rekpub.com/;Research and Knowledge Publication
http://www.rsisinternational.org/;Research and Scientific Innovation Society
http://rcmss.com/;Research Centre for Management and Social Studies
http://journal.ristas.org/;Research Institute for Science, Technology, and Society 
http://www.researchpublish.com/;Research Publish Journals
http://researchpub.org/index.html;Research Publisher
http://rpublishing.org/;Research Publishing Group 
http://rstpublishers.com/;Research, Science, and Technology Publishers
http://researchscript.com/;Research Script
http://revistas-academicas.com/;Revistas Academicas
http://www.revotechpress.com/;Revotech Press
http://www.sansgroup.org/;Sans Publishing Group
http://www.sarjournals.org/index.html;Scholarly and Academic Research Journals
http://www.srjis.com/;Scholarly Research Journal&#8217s
http://saspublisher.com/;Scholars Academic and Scientific Publishers
http://www.scischolars.com/;Scholars Scitech Research
http://thesai.org/;The Science and Information Organization
http://explorerpub.com/en/;Science Explorer Publications
http://www.sciencepubco.com/;Science Publishing Corporation
http://www.scienceq.org/;Science Q Publishing Group
http://www.scienceresearchlibrary.com/;Science Research Library
http://www.science-line.com/index/;Scienceline Publications
http://www.scenrp.com/;Sciences & Engineering Research Publication
http://scientiaricerca.com/;Scientia Ricerca
http://waprogramming.com/index.php;Scientific Perspectives Publishing
http://scientifictimes.org/index.html;Scientific Times
http://www.sciknow.org/;Sciknow
http://scireslit.com/index.php;SciRes Literature
http://scirexonline.com/;SciRex
http://scitecresearch.com/;SCITECH
http://scottishjournal.co.uk/;ScottishGroup Education and Testing Services
http://www.scribesguildjournals.org/journals.html;Scribes Guild
http://www.sphert.org/;Shri Param Hans Education & Research Foundation Trust
http://www.siftdesk.org/;Sift Desk
http://significsonline.com/;Significs Online Publishing
http://iaaet.org/sjsr/index.html;Singaporean Journals
http://smatpub.com/Journals.php;SmatPub
http://smithandfranklin.com/;Smith & Franklin Academic Publishing Corporation
http://www.sestindia.org/;Society of Engineering Science and Technology
http://www.spiri.org/;SPIRI The Global Research
http://springpublishing.org/index.php/index/index;Spring International S&T Publishing Media Co.
http://www.stmconnect.com/;STM Connect
http://www.stringeropen.com/;Stringer Open
http://www.swiftjournals.org/;Swift Journals
http://www.synchropublisher.com/;Synchro Publisher
http://tands-journal-publications.com/;T&S Journal PUblications
http://www.tafpublications.com/platform;TAF Publishing
http://takshila.org/;Takshila
http://www.taraksh.org/index.htm;Taraksh Journals
http://www.thalespublisher.com/;Thales Academic Publisher
http://www.thavan.org/;Thavan E ACT International Journals
http://theticjour.in/;Thetic Journals
http://www.trpubonline.com/index.php;Thomson & Ryberg Publications
http://www.tsest.org/;Transaction Series on Engineering Sciences and Technologies
http://www.uhedergisi.com/;UHIVE
http://verizonaonlinepublishing.com/;Verizona Publisher
http://victorquestpub.com/;Victorquest Publications
http://www.vrjpublishers.com/index.php/index/index;VRJ Publishers 
http://webcrawlerjournals.org/;Webcrawler Journals
http://www.witpress.com/;WIT Press
http://wajbas.webs.com/;World Academic Journal of Business & Applied Science
http://www.worldacademicunion.com/default.html;World Academic Union
http://www.wbiworld.org/;World Business Institute
http://www.wjoaa.org/;World Journals of Academic Advances
http://worldresearchlibrary.org/journal.php;World Research Library
http://www.wsrpublishing.com/index.php/wsrp;World Science and Research Publishing
http://www.worldsciencepublisher.org/index.php;World Science Publisher
http://standard.org/;World Standard Organization
http://zantworldpress.com/;Zant World Press
http://ziaworldpress.com/;Zia World Press
http://www.ztjournals.com/;Zt-Journals
http://2425publishers.org/;2425 Publishers
http://academiaresearch.org/;Academia Research
http://www.academicjournals.org/;Academic Journals
http://www.acjar.org/index.html;Academic Journals and Research ACJAR
http://www.academicjournalsonline.co.in/;Academic Journals Online
http://www.academicresearchjournals.org/index.htm;Academic Research Journals
http://www.arpapress.com/;Academic Research Publishing Agency
http://www.acadrp.org/;Academic Research Publishing House
http://www.academicstar.us/index.asp;Academic Star Publishing Company
http://www.abrmr.com/;Academy of Business & Retail Management
http://www.scienceengineeringacademy.org/asesite/;Academy of Science and Engineering
http://www.accesspublishers.org/;Access Publishers
http://www.advancedresearchjournals.org/;Advanced Research Journals
http://advancedscholarsjournals.org/;Advanced Scholars Journals
http://www.asetrc.org/;Advanced Science and Engineering Technology Institute
http://www.ajournals.com/;Advancements in Science
http://www.adyanacademicpress.com/index.php;Adyan Academic Press
http://www.aizeonpublishers.net/aboutus.html;Aizeon Publishers
http://www.amepc.org/;AME Publishing Company
http://aasrc.org/;American Academic & Scholarly Research Center
http://www.arjonline.org/;American Research Journals
http://www.americanscientificresearchjournals.org/;American Scientific Research Journals
http://www.andrewjohnpublishing.org/open-access-publications.php;Andrew John Publishing Inc.
http://www.ansinet.com/;ansinet
http://www.apst.co.in/;APST Publication
http://www.archyworld.com/;Archyworld
http://www.ashese.co.uk/;AshEse Visionary
http://www.asianacademicresearch.org/index.html;Asian Academic Research Associates
http://www.asian-transactions.org/;Asian Transactions
http://anahei.org/;Association of North America Higher Education International
http://asterpublications.org/;Aster Publications
http://astonjournals.com/;AstonJournals
http://www.autpub.org/MWP/;Austrian Scientific Publication House
http://www.avensonline.org/;Avens Publishing Group
http://avestia.com/;Avestia Publishing
http://avidscience.com/;Avid Science
http://www.axisjournals.com/;Axis Journals
http://benthamopen.com/;Bentham Open
http://www.bapress.ca/index.html;Better Advances Press
http://bipublication.com/index.html;BioIT international Journals 
http://bmrjournals.com/Home/Index;BioMed Research
http://www.biomedscidirect.com/aboutjournal.php;BioMedSciDirect Publications
http://www.bret.ac.in/;Bioscience Research & Educational Institute
http://blueeyesintelligence.org/;Blue Eyes Intelligence Engineering & Sciences Publication
http://www.cansrg.com/;Canadian Science and Research Group
http://cennser.org/;Center for Natural Science & Engineering Research
http://www.ijsrit.com/page.php;Centre for Promoting Knowledge
http://cprenet.com/home/;Centre of Promoting Research Excellence
http://www.ceser.in/;CESER Publications
http://cloud-journals.com/;Cloud Journals
http://comparativejournals.org/index.php/index;Comparative Journals
http://comprehensiveresearchjournals.org/;Comprehensive Research Journals
http://www.confabjournals.com/;CONFAB Journals
http://cosmicjournals.com/;Cosmic Journals
http://www.crdeep.com/;CRDEEP International Journals
http://www.crestjournals.com/;CREST Journals
http://tcrjournals.com/index.php;CTR Publications
http://www.curresweb.com/;Current Research Web
http://darsgah-e-ahlebait.com/journals.php;Darsgah-e-Ahlebait
http://www.davidpublishing.com/;David Publishing
http://www.deccanpharmajournals.com/;Deccan Pharma Journals
http://www.dhanmedpublishers.com/;Dhan Med Publishers
http://www.drunpp.ba/;DRUNPP Sarajevo
http://esciencecentral.org/;e-Science Central
http://ebioscholar.com/ojs/index.php/index/index;Ebioscholar
http://www.ecanadianjournals.com/ecanadian/;eCanadian Journals
http://www.econjournals.com/index.php/index;Econjournals
http://www.eijo.in/;Einstein International Journal Organization
http://ecisi.com/;Electronic Center for International Scientific Information
http://www.m.elewa.org/index.php;Elewa Bio Sciences
http://www.emergingresource.org/index.html;Emerging Academy Resources
http://www.erpublication.org/;Engineering Research Publication
http://www.erpublications.com/;Enhanced Research Publications
http://www.enlivenarchive.org/;Enliven Archive
http://www.printjournals.com/;Enriched Science Publication
http://euroasia-science.ru/en/about/;Eurasian Union of Scientists
http://eurojournals.com/;EuroJournals
http://www.ejobm.org/;European Journals of Business Management
http://www.eurpub.com/;European Union Research Publishing
http://ojs.excelingtech.co.uk/;ExcelingTech Publishing Company, Ltd.
http://onlinejournal.in/;Finlogy
http://firepubs.com/index.php;Focus in Research & Education
http://fundamentaljournals.org/;Fundamental Journals
http://frdint.com/index.html;Fundamental Research and Development International
http://www.futureacademy.org.uk/;Future Academy
http://gexinonline.com/;Gexin Publications
http://www.gifre.org/;Global Institute for Research and Education
http://www.paripex.in/;The Global Journals
http://gpcpublishing.com/;Global Publishing Corporation
http://www.globalresearchjournals.org/;Global Research Journals
http://www.globalscholarsjournals.org/;Global Scholars Journals
http://globalpublication.org/index.html;Global Scientific, Inc.
http://www.gejournal.net/index.html;Green Earth Research Network
http://www.gspublishers.com/;GS Publishers
http://www.halmacresearch.org/;Halmac Research
http://heraldjournals.org/index.htm;Herald International Research Journals
http://www.hrpub.org/;Horizon Research Publishing
http://www.irjcjournals.org/;i-Explore International Research Journals Consortium
http://www.iamure.com/;IAMURE Multidisciplinary Research
http://www.ibimapublishing.com/;IBIMA Publishing
http://www.ictactjournals.in/index.aspx;ICTACT Journal
http://www.id-press.eu/;Id Press / ID Design
http://igmpublication.org/index.html;IGM Publication
http://www.iiardonline.org/;IIARD Publication Company
http://www.imedpharm.com/;iMedPharm
http://imed.pub/;iMed.pub
http://www.impactjournals.us/index.php;Impact Journals
http://www.imperialjournals.com/;Imperial Journals
http://iaraedu.com/;Indian Academicians and Researchers Association
http://www.infofacility.com/journals;infofacility 
http://ingenin.org/;Ingenious Enterprises International
http://innovareacademics.in/;Innovare Academic Sciences
http://www.issr-journals.org/;Innovative Space of Scientific Research
http://www.iphsci.com/index.html;Ishaan Publishing House
http://www.insightcore.com/;Insight Core
http://www.theibfr.com/;The Institute for Business and Finance Research
http://iioab.webs.com/researchandpublications.htm;Institute of Integrative Omics and Applied Biotechnology
http://www.research-advances.org/;Institute of Research Advances
http://www.intechweb.org/;InTech Open Access Publisher
http://www.intellectualarchive.com/;Intellectual Archive
http://icjpublishers.org/index.php;Interlink Continental Journals
http://www.inacj.com/;International Academic Journals
http://www.intl-academy.org/index.htm;International Academy of Business
http://www.iabe.org/;International Academy of Business & Economics
http://iacite.org/;International Academy of Computer & IT Engineering
http://international-aset.com/index.html;International Academy of Science, Engineering and Technology
http://www.iap.org/;International Academy Publishing
http://www.intlafr.com/index.html;International Advances for Research
http://www.iaeme.com/about.asp;International Association for Engineering and Management Education
http://iaaet.org/;International Association of Advances in Engineering and Technology
http://iasir.net/index.html;International Association of Scientific Innovation and Research
http://www.bhssci.com/;International Bauhaus Science Press
http://www.icidr.org/index.php;International Centre for Integrated Development Research
http://www.icoci.org/;International Centre of Culture Inventory
http://www.i-cses.com/;International Computer Science and Engineering Society
http://www.ifgdg.org/;International Formulae Group
http://www.ssmrae.com/;International Indexed Refereed Research Journal
http://www.iieng.org/journals.php;International Institute of Engineers
http://internationalinventjournals.org/index.html;International Invention Journals
http://ijcu.us/;International Journal of College & University
http://www.ijpg.org/;International Journal Publishers Group
http://www.ijens.org/;International Journals of Engineering & Sciences
http://ijsht-journals.org/;International Journals of Sciences and High Technologies
http://www.ikpresse.com/;International Knowledge Press
http://www.ioksp.com/index.html;International Online Knowledge Services Provider
http://www.iomcworld.com/publications.htm;International Online Medical Council
http://iosi.in/;International Organization of Scientific Invention
http://iosrd.org/;International Organization of Scientific Research and Development
http://lsrj.in/;International Recognition Multidisciplinary Research Journals, Monthly Publish
http://www.irgjournals.org/;International Research Group
http://internationalscholarsjournals.org/;International Scholars Journals
http://iserp.org/;International Scientific Engineering and Research Publications
http://www.scientific-publications.net/;International Scientific Publications
http://isroj.net/index.php;International Scientific Research Organization Journals
http://www.interscience.in/;Interscience Open Access Journals
http://www.ioreinternational.org/;IORE International
http://www.iospublishing.org/;IOS Publishing
http://theired.org/organizer.html;IRED International Journals
http://www.isaacpub.org/Home.aspx;Isaac Scientific Publishing
http://www.jacobspublishers.com/index.php;Jacobs Publishers
http://www.josephpublishinggroup.com/;Joseph Publishing Group
http://www.journalnetwork.org/;Journal Network
http://jupapadoc.startlogic.com/compresearch/;Journal of Comprehensive Research
http://journalsclub.com/;Journals Club & Co.
http://www.journalsbank.com/;JournalsBank
http://julypress.com/;July Press
http://jyotiacademicpress.net/;Jyoti Academic Press
http://www.kaavpublications.org/;KAAV Publications
http://www.krepublishers.com/KRE-New-J/index.html;Kamla Raj Enterprises
http://www.kejapub.com/;KEJA Publications
http://www.knowledgecuddle.com/;KnowledgeCuddle Publication
http://kowsarpub.com/en/;Kowsar Publishing
http://www.krishisanskriti.org/Jounrals.php;Krishi Sanskriti
http://kspjournals.org/;KSP Journals
http://www.kypublications.com/;KY Publications
http://www.ladderpublishers.org/;Ladder Publishing House
http://www.thelar.org/;LAR
http://www.lectitojournals.com/;Lectito Journals
http://lexispublisher.com/index.html;Lexis Publisher
http://www.lifescienceglobal.com/;Lifescience Global
http://lookacademy.nl/;Look Academic Publishers
http://www.macrothink.org/;Macrothink Institute
http://www.marynsam.co.uk/;Mary and Sam Research Academia
http://maxwellsci.com/jlist.php;Maxwell Scientific Organization
http://mcmed.us/;McMed International
http://medcraveonline.com/;MedCrave
http://www.medipacademy.com/;Medip Academy
http://medwinpublishers.org/;Medwin Publishers
http://meghanapublications.com/index.php#MEGHANA;Meghana Publications
http://www.mnkjournals.com/index.htm;MNK Publication
http://www.modernrespub.org/;Modern Research Publishers
http://www.mukpublications.com/;MuK Publications & Distributions
http://www.ncnp.org/medical-journals.html;National College of Physicians
http://www.naturalspublishing.com/index.asp;Natural Sciences Publishing Corporation
http://nhsjournals.org/;nhsJournal
http://napublisher.org/;Noble Academic Publisher
http://nobleresearch.org/;NobleResearch
http://www.nonolympictimes.org/;Non Olympic Times
http://www.narpub.com/;North American Research Publishing
http://www.notoare.com/;Noto-are
http://novusscientia.org/index.php;Novus Scientia Journals
http://oapublishinglondon.com/index.php;OA Publishing London
http://oakfortressjournals.org/index.php;Oak-Fortress Journals
http://www.onecentralpress.com/;OneCentral Press
http://onlineresearchjournals.org/index.htm;Online Research Journals
http://theojal.com/;Open Access Journal Limited
http://www.openaccessjournals.com/;Open Access Journals
http://www.oalib.com/;Open Access Library
http://openaccessscience.com/;Open Access Science Research Publisher 
http://ambs-journal.co.uk/ojs-2.4.7-1/index.php/index;Open Journal Systems
http://ozelacademy.com/;Ozean Publications
http://www.paperpublications.org/;Paper Publications
http://www.papersciences.com/;PaperSciences Research Publisher
http://www.pearlpub.com/;Pearl Publication
http://www.peertechz.com/;Peertechz
http://pelagiaresearchlibrary.com/index.html;Pelagia Research Library
http://www.pharmaresearchlibrary.com/;Pharma Research Library
http://pharmresfoundation.com/;Pharmaceutical Research Foundation
http://philair.ph/publication/index.php/index/index;Philippine Association of Institutions for Research
http://prj.co.in/;Pinnacle Research Journals
http://www.piscomed.com/;PiscoMed Publishing
http://www.pressacademia.org/;PressAcademia 
http://www.prjp.org/index.htm;Pristine Research Journal Publications
http://www.pscipub.com/MWP/;Progressive Science Publications
http://www.projournals.org/;ProJournals 
http://www.proscience-journals.com/default.php;Proscience Journals
http://www.prudencejournals.org/index.htm;Prudence Journals
http://www.pyrexjournals.org/;Pyrex Journals
http://rdmodernresearch.com/;R&D Modern Research Publication
http://www.rassweb.com/;Research Academy of Social Sciences
http://rfh.org.pk/;Research Foundation for Humanity
http://researchopenworld.com/;Research Open
http://www.researchtrend.net/;Research Trend
http://rspublication.com/;RS Publication
http://www.sachajournals.com/;Sacha And Diamond Academic Publishers
http://www.ijplsjournal.com/index.html;Sakun Publishing House
http://www.samanmjournals.org/;SAMANM Group of Research Publications
http://sispress.org/;Sanford Inter Science Press
http://savvysciencepublisher.com/;Savvy Science Publisher
http://scholarpeople.org/;Scholar People
http://www.scholarpublications.in/index.html;Scholar Publications
http://www.scholarena.com/;ScholArena
http://scholarly-journals.com/index.htm;Scholarly Journals
http://www.srpublishers.org/;Scholarly Research Publisher
http://www.scholarshub.net/;ScholarsHub.net
http://www.scholink.org/Home.html;Scholink
http://www.sci-africpublishers.org/;Sci-Afric Publishers
http://scidoc.org/index.php;SciDoc Publishers
http://www.sersc.org/;Science & Engineering Research Support soCiety
http://www.seipub.org/;Science and Engineering Publishing Company
http://www.sciencefairopenlib.com/index.html;Science Fair Open Library
http://scienceflora.org/;ScienceFlora
http://scienceparkjournals.com/;Science Park Journals
http://thesciencepublishers.com/;Science Publishers
http://www.sciencepublishinggroup.com/home/index.aspx;Science Publishing Group
http://sciencesights.com/j/home.php;Science Sights
http://www.ss-pub.org/;Science Signpost Publishing Inc.
http://www.sciencewebpublishing.net/;Science Web Publishing
http://www.sciencesolve.com/;ScienceSolve
http://www.sciencescript.org/;ScienceScript
http://www.scienpress.com/Default.asp;Scienpress Ltd.
http://scientonline.org/;Scient Open Access
http://www.sci-en-tech.com/index.html;ScienTech Publisher
http://scientificfederation.com/index.php;Scientific Federation
http://scientificfuturegroup.com/;Scientific Future
http://www.siats.co.uk/;Scientific Institute For Advanced Training and Studies
http://www.scientific-journals.co.uk/;Scientific Journals
http://scigatejournals.com/publications/;Scientific Research Gate
http://www.scientificwebjournals.com/;ScientificWebJournals
http://www.scigmoid.com/index.php;Scigmoid
http://www.scipress.com/;SciPress Ltd
http://scitechnol.com/;SciTechnol
http://seahipaj.org/;SEAHI Publications & Academic Journals
http://www.segmentjournals.com/;Segment Journals
http://www.seitejournals.com/;Seitejournals 
http://sjournals.com/;SJournals
http://www.skyjournals.org/index.htm;Sky Journals
http://smjournals.com/;SM Group (SM Online Publishers)
http://scienceandnature.org/index.php;Society for Science and Nature
http://www.sbrconferences.com/;Society of Business Research
http://sdiwc.net/;Society of Digital Information and Wireless Communications
http://foundationspeak.com/;Speak Foundation
http://www.sprintjournals.com/;Sprint Journals
http://www.thesij.com/;The Standard International Journals
http://standardresearchjournals.org/;Standard Research Journals
http://symbiosisonlinepublishing.com/index.php;Symbiosis 
http://www.techmindresearch.com/index.php;Techmind Research
http://www.terminaljournals.org/;Terminal Journals
http://waprogramming.com/;TI Journals
http://www.timejournals.org/;Time Journals
http://timelinepublication.com/;Timeline Publication Pvt. Ltd.
http://universalresearchjournals.org/;Transnational Research Journals
http://sites.google.com/a/tspublications.org/tspublications/home;TSPublications
http://uacee.org/;Universal Association of Computer and Electronics Engineers
http://7universum.com/en/;Universum Scientific Journals
http://www.uptodateresearchpublication.com/;Uptodate Research Publication
http://www.urojournals.com/;URO Journals
http://www.vbripress.com/;VBRI Press
http://www.vipoa.org/;Vernon Innovative Publishers
http://vidyapublications.com/home.php;Vidya Publications
http://www.vfast.org/;Virtual Foundation for Advancement of Science and Technology
http://vowscientificquest.com/;Vow Scientific Quest
http://world-food.net/;WFL Publisher
http://whitesscience.com/;Whites Science
http://www.wastinc.us/;World Academy of Science and Technology
http://www.wjp.co.in/;World Journal of Publisher
http://www.wrpjournals.com/;World Research Publications
http://www.wseas.org/;World Scientific and Engineering Academy and Society
http://www.wyvernpublishinggroup.com/;Wyvern Publishing Group
http://www.xandhpublishing.com/Default.aspx;Xia & He Publishing
http://www.zolcat.com/;ZolCat Academic House
http://1088.email/;1088 Email Press
http://www.5thpublisher.com/;The 5th Publisher
http://www.abcjournals.net/;ABC Journals
http://www.abhinavjournal.com/;Abhinav
http://www.academeresearchjournals.org/;Academe Research Journals
http://www.aabri.com/;Academic and Business Research Institute
http://ph.academicdirect.org/;Academic Direct Publishing House
http://www.academicjournalsinc.com/;Academic Journals, Inc.
http://www.akrpub.com/;Academic Knowledge and Research Publishing
http://www.academicoasis.org/;Academic Organization for Advancement of Strategic and International Studies
http://arpgweb.com/index.php;Academic Research Publishing Group
http://www.ijaponline.org/;Academic Sciences
http://www.academypublish.org/;Academy Publish
http://www.accessinterjournals.org/;Access International Journals
http://www.adpublication.org/;AD Publication
http://aeirc-edu.com/;Advance Educational Institute & Research Centre
http://advancedjournals.org/index.htm;Advanced Journals
http://atscience.org/;Advanced Technology & Science
http://aditisci.com/index.php;Advancement and Development in Technology International
http://www.aensiweb.com/index.html;AENSI
http://afrrevjo.net/;African Research Review
http://albertscience.com/;Albert Science International Organization
http://www.amjournals.org/;American Journal
http://www.arepub.com/;American Research Publications
http://www.asrn.org/;American Society of Registered Nurses
http://aessangli.in/;Amoghsiddhi Education Society
http://www.annexpublishers.com/;Annex Publishers
http://aperito.org/index.php;Aperito Online Publishing
http://www.arabianjbmr.com/index.php;Arabian Group of Journals
http://www.aarpub.com/;Asian and American Research Publishing Group
http://www.aijsh.org/;Asian Research Consortium
http://www.aarf.asia/;Associated Asia Research Foundation
http://www.athalgroup.com/Athal-Press-and-Media.aspx;Athal Press & Media
http://www.atlas-publishing.org/index.php;Atlas Publishing, LP
http://www.chesci.com/;Aufau Periodicals
http://austinpublishinggroup.org/;Austin Publishing Group
http://www.acrd.net.au/;Australasian Centre for Research and Development
http://www.ausinternationaljournals.com.au/;Australian International Research Consortium
http://basicresearchjournals.org/index.html;Basic Research Journals
http://www.bestjournals.in/index.php;Best Journals
http://bioaccent.org/;Bio Accent
http://www.borjournals.com/;Blue Ocean Research Journal
http://www.bluepenjournals.org/;BluePen Journals
http://www.bonfring.org/;Bonfring
http://www.borpub.com/index.php;British Open Research Publications
http://www.bizmanagementcentre.com/;Business Management Centre
http://businessperspectives.org/;Business Perspectives
http://cscanada.net/;CSCanada
http://canadianstpress.com/ojs/index.php;Canadian Science and Technology Press Inc.
http://www.cekinfo.org.uk/;Center for Enhancing Knowledge
http://casrp.co.uk/;Center of Advanced Scientific Research and Publications
http://cri.ideainfinity.pk/;Central Research Insight
http://www.c-mric.org/;Centre for Multidisciplinary Research, Innovation and Collaboration
http://www.centreofexcellence.net/;Centre of Excellence for Scientific & Research Journalism 
http://www.chitkara.edu.in/publications/journals/;Chitkara University Publications
http://cirworld.com/;CIRWORLD
http://clerisyonlinepublishers.org/;Clerisy Publishers
http://www.cluteinstitute.com/;The Clute Institute
http://darshanpublishers.com/index.html;Darshan Publishers
http://www.denovojournal.com/;DeNovo Scientific Publishing
http://www.dentamedpublishing.com/;Dentamed Publishing
http://www.sign-ific-ance.co.uk/index.html;Design <em>for</em> Scientific Renaissance
http://www.dirf.org/;Digital Information Research Foundation
http://www.djjames.org/;DJ Publications
http://donnishjournals.org/;Donnish Journals
http://www.drbgrpublications.in/;Dr.BGR Publications 
http://www.dynamicpublishers.org/journals/index.php/index;Dynamic Publishers
http://www.tesdo.org/Default.aspx;The Economics and Social Development Organization
http://edelweisspublications.com/edelweiss/frontend/index.php;Edelweiss Publications
http://www.edugait.com/;EDUGAIT Press
http://eijasr.com/index.php;E-International Journals of Academic & Scientific Research
http://www.eisrjc.com/;E-International Scientific Research Journal Consortium
http://www.ejarr.com/;eJournals of Academic Research & Reviews
http://www.ekojournal.com/;Eko Journal
http://www.theelearninginstitute.org/;eLearning Institute
http://www.elmerpress.com/;Elmer Press
http://ephjournal.com/;Engineering Publication House
http://www.enviropublishers.com/;Enviro Publishers
http://eprawisdom.com/;EPRA Wisdom
http://www.ethanpublishing.com/;Ethan Publishing Company
http://www.eurasianpublications.com/;Eurasian Publications
http://www.erepub.com/;Eurasian Research Publishing
http://oapub.org/edu/index.php/index;European Journals of Education Studies
http://www.excellentpublishers.com/;Excellent Publishers
http://www.excellentwordjournals.org/index.html;Excellent Word Journals
http://www.expertjournals.com/;Expert Journals
http://www.fareastjournals.com/;Far East Research Centre
http://www.bioscience.org/;Frontiers in Bioscience
http://gpublication.com/;Genexcellence Publication
http://garj.org/;Global Advanced Research Journals
http://www.globalbizresearch.org/index.php;Global Business Research Journals
http://globaljournals.us/;Global Journals, Inc. (US)
http://globalsciencepg.org/;Global Science Publishing Group
http://globalscienceresearchjournals.org/;Global Science Research Journals
http://www.gsrjournals.com/;Global Scientific Research Journals
http://gssrr.org/index.php;Global Society of Scientific Research and Researchers
http://www.gtia.co.in/;Global Technocrats & Intellectual&#8217s Association
http://www.ggfagro.com/;Green Global Foundation
http://hkbpublications.com/;Har Krishan Bhalla & Sons
http://www.heraldopenaccess.us/;Herald Scholarly Open Access
http://www.m-hikari.com/;Hikari Ltd.
http://www.researchjournal.co.in/index.html;Hind Agri-Horticultural Society
http://www.horizonjournals.org/;Horizon Journals
http://hrmars.com/index.php;Human Resource Management Academic Research Society
http://ibai-publishing.org/;ibai-publishing
http://www.icgst.com/;ICGST
http://www.ieripress.com/;IERI & PRESS
http://www.ijarsgroup.com/;iJARS Group
http://www.informaticsjournals.com/;Informatics Journals
http://www.ier-institute.org/index.htm;Information Engineering Research Institute
http://www.innovationalpublishers.com/;Innovational Publishers
http://www.innovativepublication.com/;Innovative Publication
http://www.irdindia.in/;Institute for Research and Development India
http://www.i-asr.com/journals.aspx;Institute of Advanced Scientific Research
http://www.theides.org/;Institute of Doctors Engineers and Scientists
http://www.inlcs.org/;Institute of Language and Communication Studies
http://theires.org/;Institute of Research Engineers and Scientists
http://www.iret.co.in/index.html;Institute of Research In Engineering and Technology
http://iirpublications.com/index.php;Integrated Intelligent Research
http://www.ipublishing.co.in/;Integrated Publishing Association
http://www.intermedcentral.hk/;Intermedcentral
http://www.iaph.in/;International Academic Publishing House
http://iaast.org/;International Academy of Arts, Science & Technology
http://www.iaees.org/;International Academy of Ecology and Environmental Sciences 
http://www.iaset.us/index.php;International Academy of Science, Engineering and Technology
http://iastem.org/;International Academy of Science, Technology, Engineering and Management
http://www.academians.org/;International Association for Academians
http://icbr.net/;International Center for Business Research
http://www.publisher.ijier.net/;International Educative Research Foundation And Publisher
http://www.ifrnd.org/;International Foundation for Research and Development
http://www.iiste.org/Journals/;International Institute for Science, Technology and Education
http://www.theinternationaljournal.org/ojs/index1.htm;The International Journal Research Publications
http://ijrgroup.com/;International Journals for Research
http://www.eu-print.org/ilk.php;International Journal of Academic Research
http://www.ijsk.org/;International Journals of Scientific Knowledge
http://www.ijsrpub.com/;International Journals of Scientific Research Publications
http://ijscience.com/default.htm;International Journals of Scientific Research
http://www.inast.org/;International Network for Applied Sciences and Technology
http://www.ocerint.org/index.php/homepage;International Organization Center of Academic Research
http://iosrjournals.org/index.html;International Organization of Scientific Research
http://ipco-co.com/;International Publisher & C.O
http://www.iracst.org/home.htm;International Research Association of Computer Science, & Technology 
http://www.inposo.org/;International Research Society For Promotion of Science
http://www.isca.in/;International Science Community Association
http://www.isroset.org/;International Scientific Research Organization for Science, Engineering and Technology
http://acjournal.in/;International Skill Research Journals
http://isgsemjournal.blogspot.com/;International Society for green.sustainable engineering and management
http://www.istp.org.in/;International Society of Thesis Publication
http://theiti.net/;International Technology Innovation
http://www.iprobegrp.com/;iProbe
http://irojournals.com/index.html;IRO Journals
http://iserjournals.com/;iSER Publications
http://jaypeejournals.com/;Jaypee Journals
http://journals-of-scientifcs-rd.com/;Journals of Scientifics R&D
http://www.journaldynamics.org/;Journal Dynamics
http://www.journalissues.org/index.php;Journal Issues
http://www.johronline.com/;Journal of Harmonized Research Publications
http://www.jiaats.com/index.php;Journal of The International Association of Advanced Technology and Science
http://www.jscimedcentral.com/;JSciMed Central
http://www.kjournals.org/;Kaleidoscope Journals
http://www.journals.ke-i.org/index.php/index/index;KEI Journals
http://kibanresearchpublications.com/index.html;Kiban Research Publications
http://www.knowledgebasepublishers.org/;Knowledgebase Publishers
http://www.landmarkresearchjournals.org/lrjbme/index.php;Landmark Research Journals 
http://lawarencepress.com/;Lawarence Press
http://www.ajssh.leena-luna.co.jp/;Leena & Luna International
http://mainspringer.com/pub_site/;Mainspringer 
http://www.managementjournals.org/index.php;Management Journals
http://www.sciencepub.net/;Marsland Press
http://miredu.org/;Maryland Institute of Research
http://www.masaumnet.com/;MASAUM Network
http://www.mathewsopenaccess.com/;Mathews Open Access Journals
http://measpublishing.co.uk/;Meas Publishing Ltd
http://medical.sciencejournals.cc/;Medical Science Journals
http://www.medwelljournals.com/home.php;Medwell Journals
http://www.mrscholar.com/;Mr. Scholar
http://www.muhammadon.org/index.php;Muhammadon Centre for Research and Development
http://www.nngt.org/;N&N Global Technology
http://www.npplweb.com/;Narain Publishers Pvt. Ltd
http://national-science.ru/;National Association of Scholars
http://www.nemisjournals.org/;Nemis Journals
http://www.newgroundresjournals.org/;New Ground Research Journals
http://web.newscienceseries.com/;New Science Series Journals
http://www.newscientistpublish.com/;New Scientist Publishers
http://www.newwsa.com/;New World Sciences Academy
http://nexusacademicpublishers.com/;Nexus Academic Publishers
http://www.opastonline.com/;OPAST
http://www.openacademicpress.de/;Open Academic Press
http://www.orslib.org/index.html;Open Research and Science Library
http://openventio.org/;Openventio Publishsers
http://prlpublisher.com/;Panacea Research Library
http://pbsjournals.com/index.php;PBS Journals
http://www.pencilacademicpress.org/;Pencil Academic Press
http://www.pharmaintelligence.org/;Pharma Intelligence
http://www.pharmainterscience.com/;PharmaInterScience Publishers
http://www.pharmascope.org/;Pharmascope Publications
http://sites.google.com/site/photonfoundationorganization/;Photon Foundation
http://pjpub.org/;Pinnacle Journal Publication
http://www.primejournal.org/index.html;Prime Journals
http://prudentjournals.org/IRJCP/;Prudent Journals
http://www.pubicon.com/;Pubicon International Publications
http://www.pulsus.com/;Pulsus Group
http://renupublishers.com/;Renu Publishers
http://www.resindia.org/;Research and Educational Society
http://recopublisher.org/index.php/Recopublisher;Research Consultants and Publisher
http://www.ripknet.org/;Research Institute for Progression of Knowledge
http://researchleap.com/;ResearchLEAP
http://www.researchjournali.com/index.php;Researchjournali
http://www.rgsociety.org/;RG Education Society
http://www.risingvision.org/index.html;Rising Vision
http://www.rutveg.com/;Rutveg Publishing, Inc.
http://researchworld.org/;RW|ResearchWorld
http://www.jicep.com/;Sageya Publishers
http://www.sadgurupublications.com/ContactUs.aspx;Sadguru Publications
http://www.saiompublications.com/;Sai Om Publications
http://savantjournals.org/;Savant Journals
http://www.journals.savap.org.pk/;SAVAP International
http://www.scholarjournals.org/;Scholar Journals
http://www.ssjournals.com/;Scholar Science Journals
http://scholarsmepub.com/;Scholars Middle East Publishers
http://www.scholoxy.org/open-access-journals.php;Scholoxy Publications
http://sci-edit.net/journal/;Sci-Edit Publications
http://sciforschenonline.org/;Sci Forschen
http://sciedu.ca/web/;Sciedu Press
http://scik.org/;Science & Knowledge Publishing Corporation Limited
http://www.todayscience.org/;Science and Education Centre of North America
http://scitechc.com/index.php/index;Science and Technology Central
http://www.scitecpub.com/;Science and Technology Publishing
http://sciarena.com/MWP/;Science Arena Publications
http://www.ejournalnet.com/;Science Education Foundation
http://scihub.org/;Science HuÎ²
http://www.sciipub.com/;Science Instinct Publications
http://www.thescipub.com/;Science Publications
http://www.sciencepublication.org/;Science Publications
http://www.sciencerecord.com/;Science Record Journals
http://www.scirea.org/;Science Research Association
http://www.sciencedomain.org/;ScienceDomain International
http://www.sapub.org/journal/index.aspx;Scientific & Academic Publishing
http://www.scientificadvances.co.in/;Scientific Advances Publishers
http://ase-scoop.org/journals.html;Scientific Cooperations
http://www.scientificjournals.org/;Scientific Journals International
http://www.scientificliterature.org/;Scientific Literature
http://www.scipublish.com/;Scientific Online Publishing
http://www.scientificoajournals.org/index.php;Scientific Open Access Journals
http://www.sciencebeingjournal.com/;Scientific Planet
http://www.thescitechpub.com/publishers/index.aspx;SciTech Publishers
http://www.serialsjournals.com/;Serials Publications
http://www.setscholars.org/;SETScholars
http://signpostejournals.com/ejournals/Home.aspx;Signpost e Journals
http://www.skaponline.com/;Slovakia Academic Publishing
http://www.ijsscr.com/contact.html;Smile Nation &#8211 Lets Smile Together
http://www.sasjournals.com/;Society for Advancement of Sciences
http://scholarpublishing.org/index.php/index;Society for Science and Education United Kingdom
http://www.e-journaldirect.com/index.php;Sons and Daughters Publishing House
http://www.researchsource.org/home;Source
http://www.springcityculture.com/;Spring City Culture International Group Pte Ltd.
http://www.springjournals.net/;Spring Journals
http://skirec.org/index;Sri Krishna International Research & Educational Consortium
http://www.annemary.org/publication;St. Anne Mary Publication
http://streemjournals.org/;Streem Journal
http://scholarlyoa.wordpress.com/wp-admin/www.suryanshpublications.inf;Suryansh Publications
http://www.sustsci.org/;Sustainable Scientific Publisher
http://www.swanopen.com/;Swan Open
http://swedishscientificpublications.com/;Swedish Scientific Publications
http://www.swissjournals.org/;Swiss Journals
http://www.synergypublishers.com/;Synergy Publishers
http://journal.medsys-site.com/;Takayama Publishing Group
http://www.technicaljournalsonline.com/index.html;Technical Journals Online
http://www.tsijournals.com/;Trade Science, Inc
http://www.tjprc.org/index.php;Trans Stellar
http://www.challengejournal.com/;Tulpar Academic Publishing
http://ulster-press.uk/;Ulster Press
http://www.uniqueresearchjournals.com/index.htm;Unique Research Journals
http://www.unitedscholars.net/home.html;United Scholars Publications
http://unitedscientificgroup.com/;United Scientific Group
http://uamae.org/;Universal Association of Mechanical and Aeronautical Engineers
http://universalrg.org/index.aspx;Universal Research Group
http://www.universitypublications.net/index.html;UniversityPublications.net
http://valleyinternational.net/index.php;Valley International Journals
http://www.vnmpublication.com/Journal.htm;VNMPublication
http://www.vsrdjournals.com/;SRD International Journals
http://www.watchpub.org/index.htm;Watch Plus
http://www.sospublication.co.in/index.php;We-Together to Save Yourself Society
http://weberpub.org/;Wesley & Eber Publishing
http://www.whioce.com/;Whioce Publishing Pte. Ltd.
http://www.wiloludjournal.com/page.php;Wilolud Journals
http://www.woarjournals.org/;WOAR Journals
http://www.worldacademicresearchjournals.org/;World Academic Research Journals
http://www.warponline.org/;World Academy of Research and Publication
http://www.waset.org/publications.php;World Academy of Science, Engineering and Technology
http://www.woaj.org/;World Open Access Journals
http://wscholars.com/;World Scholars
http://www.wudpeckerresearchjournals.org/;Wudpecker Research Journals
http://www.wynoacademicjournals.org/index.html;Wyno Academic Journals
http://journal.yloop.com/;Yellow Loop Journal
http://acascipub.com/;Academic and Scientific Publishing
http://www.acadpubl.eu/index.html;Academic Publications, Ltd.
http://acrpub.com/index.php;Academic Research Publishers
http://academicwebpublishers.org/;Academic Web Publishers
http://www.arcjournals.org/index.php;Academicians&#8217 Research Center
http://aelsindia.com/;Academy for Environment and Life Sciences
http://www.absronline.org/;Academy of Business & Scientific Research
http://akpinsight.webs.com/;Academy of Knowledge Process
http://www.asss-web.com/;Academy of Science and Social Science
http://asaarjournals.com/;Academy of Scientific and Applied Research
http://advancejournals.org/;Advance Journals
http://www.aicit.org/publications.html;Advanced Institute of Convergence Information Technology
http://ambitjournals.org/;Ambit Journals
http://www.aascit.org/home/index;American Association for Science and Technology
http://www.asraresearch.org/;American Scholarly Research Association
http://www.aspbs.com/;American Scientific Publishers 
http://www.domainsmoon.com/;Antarctic Journals
http://www.arcjournals.org/;ARC Journals
http://aspublishers.com/;AS Publishers
http://asdpub.com/;ASD Publisher
http://www.ashdin.com/;Ashdin Publishing
http://www.apamr.org/;Asia-Pacific Association of Medical Research
http://www.aessweb.com/index.php;Asian Economic and Social Society
http://www.asianonlinejournals.com/;Asian Online Journal Publishing Group
http://asianpubs.org/content/;Asian Publication Corporation
http://www.theaceee.org/;Association of Computer Electronics and Electrical Engineers
http://www.atiner.gr/;Athens Institute for Education and Research
http://www.aabss.org.au/;Australian Academy of Business and Social Sciences
http://www.scie.org.au/;Australian Society for Commerce Industry & Engineering
http://www.aeuso.org/;Austrian E-Journals of Universal Scientific Organization
http://www.wjgnet.com/;Baishideng Publishing Group
http://basharesearch.com/journals.htm;Basha Research Corporation
http://bellpress.org/;Bell Press
http://www.1010press.com/;Binary Information Press
http://www.bioflux.com.ro/;Bioflux Society
http://www.biohelikon.org/;Biohelikon
http://biohouse.us/;Biohouse Publishing Group
http://www.bacpl.org/;Biological and Chemical Publishing
http://www.biomedpress.org/;BioMed Press
http://biopublisher.ca/;BioPublisher
http://www.blue-ap.org/;Blue Apple Publications
http://www.bretj.com/;Bret Research Journals
http://www.bjmhs.baar.org.uk/;British Association of Academic Research
http://brnsspublicationhub.org/;BRNSS Publication Hub
http://www.crpub.com/index.php;Canadian Research Publication
http://cardiologyacademicpress.com/;Cardiology Academic Press
http://www.carijournals.org/;CARI Journals
http://www.cibtech.org/index.htm;Centre For Info Bio Technology
http://clinmedjournals.org/;ClinMed International Library 
http://www.cloudpublications.org/;Cloud Publications
http://www.clytoaccess.com/;Clyto Access
http://www.icdtdi.ca/home.html;CONSORTIUM Intellectual Consortium of Drug Discovery and Technology Development, Inc.
http://www.globalcis.org/eng/;Convergence Information Society
http://crescopublications.org/;Cresco Online Publishing
http://dscipress.com/;Digital Science Press
http://www.disa.org.in/DPGroup/index.html;DISA Publication Group
http://discoveryjournals.com/;Discovery Publication
http://www.ecronicon.com/;E-Cronicon
http://eaglegp.org/;Eagle Publishing Group
http://ew-a.org/;&#8220East West&#8221 Association For Advanced Studies and Higher Education
http://www.ejmscience.com/journals/;eJM
http://elitehall.elitehall.com/;Elite Hall Publishing House
http://www.eliteresearchjournals.org/;Elite Research Journals
http://www.elkjournals.com/;ELK Asia Pacific Journals
http://elvedit.com/;ELVEDIT.COM
http://www.elynsgroup.com/Default.aspx;Elyns Publishing Group
http://etpub.com/;Engineering and Technology Publishing
http://epixpub.com/;EPIX PUB
http://eprajournals.com/;EPRA Journals
http://www.esrsa.org/;ESRSA Publication 
http://www.escijournals.net/;ESci Journals Publishing
http://etamaths.com/;ETA Maths Journals
http://eurasianacademy.org/;Eurasian Academy of Sciences
http://www.euroasiapub.org/;Euro Asia Research and Development Association
http://ea-journals.org/index.php;European-American Journals
http://everant.in/;Everant
http://www.everscience.org/index.html;EverScience Publications
http://excelyticspublishers.com/;Excelytics Publishers
http://fssh-journal.org/;FSSH Scholarly Journals
http://www.gathacognition.com/;Gatha Cognition
http://gavinpublishers.org/;Gavin Publishers
http://www.globalacademicinstitute.com/;Global Academic Institute
http://iashe.eu/en/periodicals-journals-academy;International Academy of Science and Higher Education
http://globalopenjournals.org/;Global Open Journals
http://www.grjournals.com/;Global Researchers Journals
http://european-science.org/en/;Global Science Center LP
http://www.ijcns.com/;Gopalax
http://grabstrust.com/;GRABS Educational Charitable Trust
http://www.gratisoa.org/;Gratis Open Access Publishers
http://grdspublishing.org/;GRDS Publishing 
http://www.gjournals.org/;Greener Journals
http://gsblifesciences.org/index.php;GSB Life Sciences
http://www.heighpubs.com/;Heighten Science Publications
http://www.humanpub.org/;Human and Sciences Publications
http://ijrcm.org.in/;IJRCM
http://www.ijmhr.org/index.html;IMED Research Publications
http://imprintsonline.org/index.php;Imprints Open Access
http://indianresearchjournals.com/Default.aspx;IndianResearchJournals.Com
http://infinitypress.info/publisher/;Infinity Press
http://infonomics-society.org/;Infonomics Society
http://inforesights.com/;Inforesights Publishing
http://www.innovativejournal.in/;Innovative Journals
http://innovinc.org/;Innovinc
http://www.inrewi.com/home;INREWI
http://www.theired.org/;Institute of Research Engineers and Doctors 
http://iadces.com/;International Agency for Development of Culture, Education and Science
http://www.iaet.net/;International Association for Engineering & Technology
http://iaetr.org/;International Association of Engineering & Technology Researchers
http://iatei.org/;International Association of Technology Education & Industry
http://www.iedrc.org/;International Economics Development and Research Center
http://www.ierfinfo.com/;International Education Research Foundation
http://internationalejournals.com/;International eJournals
http://www.information-iii.org/;International Information Institute
http://iipccl.org/;International Institute for Private, Commercial and Competition Law
http://theiier.org/Conference/Singapore/1/ICSTEM/publication.php;International Institute of Engineers & Researchers
http://www.iiis.org/;International Institute of Informatics and Systemics
http://www.internationaljournals.co.in/titles.aspx;International Journals.co.in
http://internationaljournalsforresearch.com/index.php;International Journals for Research
http://www.ijronline.com/;International Journals for Researchers
http://www.ijmra.us/;International Journals of Multidisciplinary Research Academy
http://gssrr.org/;International Journals of Research Papers
http://www.innspub.net/;International Network for Natural Sciences
http://insii.com/index.php;International Network for Scientific & Industrial Information
http://www.internationalpostgraduatenetwork.org/;International Postgraduate Network
http://www.lsrj.in/;International Recognition Research Journals
http://www.oiirj.org/;International Research E-Journals
http://www.interesjournals.org/;International Research Journals 
http://www.irocsjournals.org/irocs/home.php;International Research Organization of Computer Science
http://www.irphouse.com/;International Research Publication House
http://internationaljournalofresearch.org/;International Scholarly Open Access Research
http://www.isaet.org/;International Scientific Academy of Engineering & Technology
http://isij.in/;International Scientific Invention Journals
http://iser.co/;International Society for Engineers and Researchers
http://iszr.org/Jrs/index.php/index/index;International Society for Zoological Research
http://www.isurs.org/;International Society of Universal Research in Sciences
http://interscience.org.uk/;Interscience Journals
http://intuitionjournals.org/;Intuition Journals
http://www.irapub.com/;Ira Publications
http://ishitvtech.in/#;Ishitv Technologies
http://www.iwnest.com/index.html;Islamic World Network for Environmental Science and Technology
http://ivyunion.org/;Ivy Union Publishing
http://www.jscholaronline.org/list-of-journals.php;JScholar Journals
http://www.keyresearchjournals.org/;Key Research Journals
http://www.kindipublication.com/home.html;Kindi Publication
http://www.knowledgepublishinghouse.com/index.html;Knowledge Publishing Printing & Distribution House
http://euacademic.org/;Kogaion Publishing Center
http://www.kozmenkopublishing.com/;Kozmenko Science Publishing
http://thelar.ca/;Library of Academic Resources
http://www.lifescifeed.com/index.htm;LifeSciFeed Ventures
http://www.lighthousejournals.org/index.php;Lighthouse Journal Publication
http://literatipublishers.com/Journal/index.html;Literati Scientific and Publishers
http://loremjournals.com/index.php;Lorem Journals
http://www.macoctagonjournals.org/;Macoctagon Journals
http://macrojournals.com/home;macroJournals
http://madridge.org/;Madridge Publishers
http://www.ghrnet.org/index.php/index/index;Medical science
http://mcser.org/;Mediterranean Center of Social and Educational Research
http://www.mehtapress.com/;Mehta Press
http://meritresearchjournals.org/index.htm;Merit Research Journals
http://modernscientificpress.com/;Modern Scientific Press
http://www.multidisciplinaryjournals.com/;Multidisciplinary Journals
http://www.nessapublishers.com/index.php;Nessa Publishers
http://www.newcpress.com/;New Century Publishing Group
http://www.newcenturyscience.com/;New Century Science Press
http://ndpublisher.in/index.php;New Delhi Publisher
http://www.newpubli.com/index.shtml;Newpubli
http://www.nobel.gen.tr/;Nobel International Journals
http://www.noveltyjournals.com/;Novelty Journals
http://oaepublish.com/;OAE Publishing, Inc. (OAE)
http://www.oaspjournal.org/;OASP Journals
http://oceanicjournals.org/;Oceanic Journals
http://ommegaonline.com/;Ommega Publishers
http://onlinejournals.oscij.com/index.php/index/index;Online Journals Management System
http://onlinesciencepublishing.com/;Online Science Publishing
http://www.openaccesspub.org/;Open Access Pub
http://www.open-knowledge-society.org/;Open Research Society
http://oprscience.com/;OPR Science
http://www.oricpub.com/;ORIC Publications 
http://pacificejournals.com/;Pacific Group of e-Journals
http://psmpublishers.org/;Pakistan Science Mission
http://www.pearlresearchjournals.org/;Pearl Research Journals
http://pezzottaitejournals.net/pezzottaite/;Pezzottaite Journals
http://www.pharmainfo.in/;PharmaInfo
http://psrcentre.org/;Planetary Scientific Research Center
http://www.idpublications.org/;Progressive Academic Publishing
http://www.pphmj.com/;Pushpa Publishing House
http://quazzyjournals.org/index.htm;Quazzy Journals
http://sites.google.com/a/randspublications.org/randspublications/home;R & S Publications
http://recentscience.org/;Recent Science
http://www.redfame.com/home/;RedFame Publishing
http://www.remedypublications.com/;Remedy Publications
http://resealert.com/;Research Alert Journals
http://riojournals.com/home/;Research and Information Organization
http://www.rroij.com/;Research & Reviews
http://www.ripublication.com/;Research India Publications
http://www.researchjournalz.com/;Research Journal
http://www.researchwebpub.org/;Research WebPub
http://rossscience.org/index.php;Ross Science Publishers
http://sphinxsai.com/index.htm;Sai Scientific Communications
http://www.sapientpress.com/index.html;Sapient Press
http://scholarlinkresearch.com/;Scholarlink Resource Centre Limited
http://scholarsresearchlibrary.com/;Scholars Research Library
http://thescholedge.org/;Scholedge R&D Center
http://www.sandkrs.com/index-2.html;Science and Knowledge Research Society
http://www.sciacademypublisher.com/;Science Academy Publisher
http://scialert.net/index.php;Science Alert
http://www.sciepub.com/portal/Home;Science and Education
http://www.sjpub.org/;Science Journal Publication
http://www.sproc.org/index.htm;Science Park Research Organization and Counseling
http://www.sciencetarget.com/;Science Target
http://sciencevier.com/;Sciencevier
http://www.scientiasocialis.lt/;Scientia Socialis
http://thescientificpages.org/;The Scientific Pages
http://sciplatform.com/journals/index.php/index/index;Scientific Platform Online Journals
http://www.scirp.org/;Scientific Research Publishing
http://www.scientificviewers.com/;Scientific Viewers
http://www.scinzer.com/;Scinzer Scientific Publications
http://scitechz.com/index.html;Scitechz
http://www.internationaljournalssrg.org/index.html;Seventh Sense Research Group Journals
http://www.svpublishers.co.uk/;Silicon Valley Publishers
http://www.smartscitech.com/;Smart Science & Technology
http://soeagra.com/;Society of Education
http://www.saarj.com/index.html;South Asian Academic Research Journals
http://www.sciencej.com/submit.html;Southern Cross Publishing Group
http://www.springwoodpublication.com.au/;Springwood Publishing Corporation
http://www.sspublications.co.in/;SS Publications
http://www.standardglobaljournals.com/index.html;Standard Global Journals
http://statperson.com/;Statperson Publishing Corporation
http://www.svpublication.com/#;SV Publication
http://technoparkpublications.com/;Technopark Publications
http://technoscienceacademy.com/;Techno Science Academy
http://www.textroad.com/;Textroad Journals
http://www.tlepub.org/en/;TLEP Journals
http://tomaspubs.com/;Tomas Publishing
http://www.topclassglobaljournals.org/;Topclass Global Journals
http://usspress.com/;U.S. Science Press
http://unifiedjournals.org/;Unified Journals
http://www.ujconline.net/;Unique Journals Communication
http://www.upro.org.in/;Universal Publishing & Research Organization
http://urpjournals.com/contactus.php;Universal Research Publications
http://www.usp-pl.com/;Universe Scientific Publishing
http://usnsj.com/index.php/index/index;USN Scientific Journal
http://vibgyorpublishers.org/main/index.php;VIBGYOR Online Publishers
http://www.westeastinstitute.com/;West East Institute
http://wireilla.com/;Wireilla Scientific Publications
http://www.academicpub.org/;World Academic Publishing
http://warse.org/;World Academy of Research in Science and Engineering
http://www.wsrjournals.org/;World Science Research Journals
http://www.worldwidejournals.com/;World Wide Journals
http://zealscienza.com/zealscienza/;Zeal Scienza Realm of Erudition
http://www.zealscijournals.com/index.html;ZealSci Journals
http://www.zeetarz.com/;Zeetarz Group Publishing
http://www.zenithresearch.org.in/;Zenith International Research and Academic Foundation
http://zygoscient.org/;Zygoscient
